<annotation>
    <folder>images</folder>
    <filename>image_00322.jpeg</filename>
    <size>
        <width>1280</width>
        <height>720</height>
        <depth>3</depth>
    </size>
    <segmented>0</segmented>
    <object>
        <name>ah64</name>
        <pose>Unspecified</pose>
        <truncated>0</truncated>
        <occluded>0</occluded>
        <difficult>0</difficult>
        <bndbox>
            <xmin>983</xmin>
            <ymin>176</ymin>
            <xmax>1183</xmax>
            <ymax>284</ymax>
        </bndbox>
    </object>
    <object>
        <name>chinook</name>
        <pose>Unspecified</pose>
        <truncated>0</truncated>
        <occluded>0</occluded>
        <difficult>0</difficult>
        <bndbox>
            <xmin>60</xmin>
            <ymin>1</ymin>
            <xmax>431</xmax>
            <ymax>189</ymax>
        </bndbox>
    </object>
</annotation>