<annotation>
    <folder>images</folder>
    <filename>image_00188.jpeg</filename>
    <size>
        <width>1280</width>
        <height>720</height>
        <depth>3</depth>
    </size>
    <segmented>0</segmented>
    <object>
        <name>f15</name>
        <pose>Unspecified</pose>
        <truncated>0</truncated>
        <occluded>0</occluded>
        <difficult>0</difficult>
        <bndbox>
            <xmin>561</xmin>
            <ymin>310</ymin>
            <xmax>1119</xmax>
            <ymax>569</ymax>
        </bndbox>
    </object>
    <object>
        <name>f15</name>
        <pose>Unspecified</pose>
        <truncated>0</truncated>
        <occluded>0</occluded>
        <difficult>0</difficult>
        <bndbox>
            <xmin>137</xmin>
            <ymin>349</ymin>
            <xmax>600</xmax>
            <ymax>550</ymax>
        </bndbox>
    </object>
</annotation>