<annotation>
    <folder>images</folder>
    <filename>image_00179.jpeg</filename>
    <size>
        <width>1280</width>
        <height>720</height>
        <depth>3</depth>
    </size>
    <segmented>0</segmented>
    <object>
        <name>f15</name>
        <pose>Unspecified</pose>
        <truncated>0</truncated>
        <occluded>0</occluded>
        <difficult>0</difficult>
        <bndbox>
            <xmin>436</xmin>
            <ymin>499</ymin>
            <xmax>621</xmax>
            <ymax>596</ymax>
        </bndbox>
    </object>
    <object>
        <name>f15</name>
        <pose>Unspecified</pose>
        <truncated>0</truncated>
        <occluded>0</occluded>
        <difficult>0</difficult>
        <bndbox>
            <xmin>894</xmin>
            <ymin>341</ymin>
            <xmax>1080</xmax>
            <ymax>443</ymax>
        </bndbox>
    </object>
    <object>
        <name>f15</name>
        <pose>Unspecified</pose>
        <truncated>0</truncated>
        <occluded>0</occluded>
        <difficult>0</difficult>
        <bndbox>
            <xmin>671</xmin>
            <ymin>259</ymin>
            <xmax>855</xmax>
            <ymax>362</ymax>
        </bndbox>
    </object>
    <object>
        <name>f15</name>
        <pose>Unspecified</pose>
        <truncated>0</truncated>
        <occluded>0</occluded>
        <difficult>0</difficult>
        <bndbox>
            <xmin>454</xmin>
            <ymin>168</ymin>
            <xmax>642</xmax>
            <ymax>267</ymax>
        </bndbox>
    </object>
    <object>
        <name>f15</name>
        <pose>Unspecified</pose>
        <truncated>0</truncated>
        <occluded>0</occluded>
        <difficult>0</difficult>
        <bndbox>
            <xmin>226</xmin>
            <ymin>243</ymin>
            <xmax>414</xmax>
            <ymax>345</ymax>
        </bndbox>
    </object>
    <object>
        <name>f15</name>
        <pose>Unspecified</pose>
        <truncated>0</truncated>
        <occluded>0</occluded>
        <difficult>0</difficult>
        <bndbox>
            <xmin>33</xmin>
            <ymin>330</ymin>
            <xmax>217</xmax>
            <ymax>425</ymax>
        </bndbox>
    </object>
</annotation>