<annotation>
    <folder>images</folder>
    <filename>image_00040.jpeg</filename>
    <size>
        <width>1280</width>
        <height>720</height>
        <depth>3</depth>
    </size>
    <segmented>0</segmented>
    <object>
        <name>f15</name>
        <pose>Unspecified</pose>
        <truncated>0</truncated>
        <occluded>0</occluded>
        <difficult>0</difficult>
        <bndbox>
            <xmin>653</xmin>
            <ymin>380</ymin>
            <xmax>1039</xmax>
            <ymax>531</ymax>
        </bndbox>
    </object>
</annotation>