<annotation>
    <folder>images</folder>
    <filename>image_00189.jpeg</filename>
    <size>
        <width>1280</width>
        <height>720</height>
        <depth>3</depth>
    </size>
    <segmented>0</segmented>
    <object>
        <name>f15</name>
        <pose>Unspecified</pose>
        <truncated>0</truncated>
        <occluded>0</occluded>
        <difficult>0</difficult>
        <bndbox>
            <xmin>798</xmin>
            <ymin>319</ymin>
            <xmax>1207</xmax>
            <ymax>506</ymax>
        </bndbox>
    </object>
    <object>
        <name>f15</name>
        <pose>Unspecified</pose>
        <truncated>0</truncated>
        <occluded>0</occluded>
        <difficult>0</difficult>
        <bndbox>
            <xmin>464</xmin>
            <ymin>366</ymin>
            <xmax>742</xmax>
            <ymax>496</ymax>
        </bndbox>
    </object>
    <object>
        <name>f15</name>
        <pose>Unspecified</pose>
        <truncated>0</truncated>
        <occluded>0</occluded>
        <difficult>0</difficult>
        <bndbox>
            <xmin>140</xmin>
            <ymin>383</ymin>
            <xmax>373</xmax>
            <ymax>492</ymax>
        </bndbox>
    </object>
</annotation>