<annotation>
    <folder>images</folder>
    <filename>image_00208.jpeg</filename>
    <size>
        <width>1280</width>
        <height>720</height>
        <depth>3</depth>
    </size>
    <segmented>0</segmented>
    <object>
        <name>f15</name>
        <pose>Unspecified</pose>
        <truncated>0</truncated>
        <occluded>0</occluded>
        <difficult>0</difficult>
        <bndbox>
            <xmin>604</xmin>
            <ymin>203</ymin>
            <xmax>839</xmax>
            <ymax>365</ymax>
        </bndbox>
    </object>
    <object>
        <name>f16</name>
        <pose>Unspecified</pose>
        <truncated>0</truncated>
        <occluded>0</occluded>
        <difficult>0</difficult>
        <bndbox>
            <xmin>781</xmin>
            <ymin>137</ymin>
            <xmax>941</xmax>
            <ymax>252</ymax>
        </bndbox>
    </object>
    <object>
        <name>f16</name>
        <pose>Unspecified</pose>
        <truncated>0</truncated>
        <occluded>0</occluded>
        <difficult>0</difficult>
        <bndbox>
            <xmin>532</xmin>
            <ymin>434</ymin>
            <xmax>707</xmax>
            <ymax>492</ymax>
        </bndbox>
    </object>
</annotation>