<annotation>
    <folder>images</folder>
    <filename>image_00238.jpeg</filename>
    <size>
        <width>1280</width>
        <height>720</height>
        <depth>3</depth>
    </size>
    <segmented>0</segmented>
    <object>
        <name>ah64</name>
        <pose>Unspecified</pose>
        <truncated>0</truncated>
        <occluded>0</occluded>
        <difficult>0</difficult>
        <bndbox>
            <xmin>834</xmin>
            <ymin>180</ymin>
            <xmax>1105</xmax>
            <ymax>381</ymax>
        </bndbox>
    </object>
</annotation>