<annotation>
    <folder>images</folder>
    <filename>image_00227.jpeg</filename>
    <size>
        <width>1280</width>
        <height>720</height>
        <depth>3</depth>
    </size>
    <segmented>0</segmented>
    <object>
        <name>chinook</name>
        <pose>Unspecified</pose>
        <truncated>0</truncated>
        <occluded>0</occluded>
        <difficult>0</difficult>
        <bndbox>
            <xmin>292</xmin>
            <ymin>7</ymin>
            <xmax>1028</xmax>
            <ymax>476</ymax>
        </bndbox>
    </object>
</annotation>