<annotation>
    <folder>images</folder>
    <filename>image_00236.jpeg</filename>
    <size>
        <width>1280</width>
        <height>720</height>
        <depth>3</depth>
    </size>
    <segmented>0</segmented>
    <object>
        <name>ah64</name>
        <pose>Unspecified</pose>
        <truncated>0</truncated>
        <occluded>0</occluded>
        <difficult>0</difficult>
        <bndbox>
            <xmin>666</xmin>
            <ymin>160</ymin>
            <xmax>860</xmax>
            <ymax>353</ymax>
        </bndbox>
    </object>
    <object>
        <name>ah64</name>
        <pose>Unspecified</pose>
        <truncated>0</truncated>
        <occluded>0</occluded>
        <difficult>0</difficult>
        <bndbox>
            <xmin>356</xmin>
            <ymin>232</ymin>
            <xmax>519</xmax>
            <ymax>375</ymax>
        </bndbox>
    </object>
</annotation>