<annotation>
    <folder>images</folder>
    <filename>image_00320.jpeg</filename>
    <size>
        <width>1280</width>
        <height>720</height>
        <depth>3</depth>
    </size>
    <segmented>0</segmented>
    <object>
        <name>ah64</name>
        <pose>Unspecified</pose>
        <truncated>0</truncated>
        <occluded>0</occluded>
        <difficult>0</difficult>
        <bndbox>
            <xmin>815</xmin>
            <ymin>335</ymin>
            <xmax>871</xmax>
            <ymax>371</ymax>
        </bndbox>
    </object>
    <object>
        <name>ah64</name>
        <pose>Unspecified</pose>
        <truncated>0</truncated>
        <occluded>0</occluded>
        <difficult>0</difficult>
        <bndbox>
            <xmin>335</xmin>
            <ymin>67</ymin>
            <xmax>448</xmax>
            <ymax>136</ymax>
        </bndbox>
    </object>
</annotation>