<annotation>
    <folder>images</folder>
    <filename>image_00259.jpeg</filename>
    <size>
        <width>1280</width>
        <height>720</height>
        <depth>3</depth>
    </size>
    <segmented>0</segmented>
    <object>
        <name>f15</name>
        <pose>Unspecified</pose>
        <truncated>0</truncated>
        <occluded>0</occluded>
        <difficult>0</difficult>
        <bndbox>
            <xmin>365</xmin>
            <ymin>259</ymin>
            <xmax>633</xmax>
            <ymax>415</ymax>
        </bndbox>
    </object>
    <object>
        <name>f16</name>
        <pose>Unspecified</pose>
        <truncated>0</truncated>
        <occluded>0</occluded>
        <difficult>0</difficult>
        <bndbox>
            <xmin>729</xmin>
            <ymin>265</ymin>
            <xmax>926</xmax>
            <ymax>388</ymax>
        </bndbox>
    </object>
    <object>
        <name>f16</name>
        <pose>Unspecified</pose>
        <truncated>0</truncated>
        <occluded>0</occluded>
        <difficult>0</difficult>
        <bndbox>
            <xmin>663</xmin>
            <ymin>132</ymin>
            <xmax>862</xmax>
            <ymax>256</ymax>
        </bndbox>
    </object>
</annotation>