<annotation>
    <folder>images</folder>
    <filename>image_00242.jpeg</filename>
    <size>
        <width>1280</width>
        <height>720</height>
        <depth>3</depth>
    </size>
    <segmented>0</segmented>
    <object>
        <name>f16</name>
        <pose>Unspecified</pose>
        <truncated>0</truncated>
        <occluded>0</occluded>
        <difficult>0</difficult>
        <bndbox>
            <xmin>931</xmin>
            <ymin>341</ymin>
            <xmax>1014</xmax>
            <ymax>372</ymax>
        </bndbox>
    </object>
    <object>
        <name>f16</name>
        <pose>Unspecified</pose>
        <truncated>0</truncated>
        <occluded>0</occluded>
        <difficult>0</difficult>
        <bndbox>
            <xmin>810</xmin>
            <ymin>366</ymin>
            <xmax>891</xmax>
            <ymax>398</ymax>
        </bndbox>
    </object>
    <object>
        <name>f15</name>
        <pose>Unspecified</pose>
        <truncated>0</truncated>
        <occluded>0</occluded>
        <difficult>0</difficult>
        <bndbox>
            <xmin>782</xmin>
            <ymin>332</ymin>
            <xmax>903</xmax>
            <ymax>369</ymax>
        </bndbox>
    </object>
</annotation>