<annotation>
    <folder>images</folder>
    <filename>image_00164.jpeg</filename>
    <size>
        <width>1280</width>
        <height>720</height>
        <depth>3</depth>
    </size>
    <segmented>0</segmented>
    <object>
        <name>ah64</name>
        <pose>Unspecified</pose>
        <truncated>0</truncated>
        <occluded>0</occluded>
        <difficult>0</difficult>
        <bndbox>
            <xmin>879</xmin>
            <ymin>77</ymin>
            <xmax>1258</xmax>
            <ymax>334</ymax>
        </bndbox>
    </object>
    <object>
        <name>ah64</name>
        <pose>Unspecified</pose>
        <truncated>0</truncated>
        <occluded>0</occluded>
        <difficult>0</difficult>
        <bndbox>
            <xmin>386</xmin>
            <ymin>420</ymin>
            <xmax>618</xmax>
            <ymax>588</ymax>
        </bndbox>
    </object>
</annotation>