<annotation>
    <folder>images</folder>
    <filename>image_00130.jpeg</filename>
    <size>
        <width>1280</width>
        <height>720</height>
        <depth>3</depth>
    </size>
    <segmented>0</segmented>
    <object>
        <name>f16</name>
        <pose>Unspecified</pose>
        <truncated>0</truncated>
        <occluded>0</occluded>
        <difficult>0</difficult>
        <bndbox>
            <xmin>751</xmin>
            <ymin>418</ymin>
            <xmax>878</xmax>
            <ymax>496</ymax>
        </bndbox>
    </object>
    <object>
        <name>f16</name>
        <pose>Unspecified</pose>
        <truncated>0</truncated>
        <occluded>0</occluded>
        <difficult>0</difficult>
        <bndbox>
            <xmin>704</xmin>
            <ymin>274</ymin>
            <xmax>835</xmax>
            <ymax>362</ymax>
        </bndbox>
    </object>
    <object>
        <name>f15</name>
        <pose>Unspecified</pose>
        <truncated>0</truncated>
        <occluded>0</occluded>
        <difficult>0</difficult>
        <bndbox>
            <xmin>472</xmin>
            <ymin>395</ymin>
            <xmax>640</xmax>
            <ymax>498</ymax>
        </bndbox>
    </object>
</annotation>