<annotation>
    <folder>images</folder>
    <filename>image_00196.jpeg</filename>
    <size>
        <width>1280</width>
        <height>720</height>
        <depth>3</depth>
    </size>
    <segmented>0</segmented>
    <object>
        <name>f15</name>
        <pose>Unspecified</pose>
        <truncated>0</truncated>
        <occluded>0</occluded>
        <difficult>0</difficult>
        <bndbox>
            <xmin>458</xmin>
            <ymin>287</ymin>
            <xmax>1011</xmax>
            <ymax>630</ymax>
        </bndbox>
    </object>
</annotation>