<annotation>
    <folder>images</folder>
    <filename>image_00234.jpeg</filename>
    <size>
        <width>1280</width>
        <height>720</height>
        <depth>3</depth>
    </size>
    <segmented>0</segmented>
    <object>
        <name>chinook</name>
        <pose>Unspecified</pose>
        <truncated>0</truncated>
        <occluded>0</occluded>
        <difficult>0</difficult>
        <bndbox>
            <xmin>506</xmin>
            <ymin>340</ymin>
            <xmax>618</xmax>
            <ymax>386</ymax>
        </bndbox>
    </object>
    <object>
        <name>cougar</name>
        <pose>Unspecified</pose>
        <truncated>0</truncated>
        <occluded>0</occluded>
        <difficult>0</difficult>
        <bndbox>
            <xmin>1111</xmin>
            <ymin>364</ymin>
            <xmax>1280</xmax>
            <ymax>441</ymax>
        </bndbox>
    </object>
    <object>
        <name>ah64</name>
        <pose>Unspecified</pose>
        <truncated>0</truncated>
        <occluded>0</occluded>
        <difficult>0</difficult>
        <bndbox>
            <xmin>732</xmin>
            <ymin>359</ymin>
            <xmax>841</xmax>
            <ymax>415</ymax>
        </bndbox>
    </object>
    <object>
        <name>ah64</name>
        <pose>Unspecified</pose>
        <truncated>0</truncated>
        <occluded>0</occluded>
        <difficult>0</difficult>
        <bndbox>
            <xmin>325</xmin>
            <ymin>355</ymin>
            <xmax>420</xmax>
            <ymax>414</ymax>
        </bndbox>
    </object>
</annotation>