<annotation>
    <folder>images</folder>
    <filename>image_00340.jpeg</filename>
    <size>
        <width>1280</width>
        <height>720</height>
        <depth>3</depth>
    </size>
    <segmented>0</segmented>
    <object>
        <name>ah64</name>
        <pose>Unspecified</pose>
        <truncated>0</truncated>
        <occluded>0</occluded>
        <difficult>0</difficult>
        <bndbox>
            <xmin>889</xmin>
            <ymin>227</ymin>
            <xmax>975</xmax>
            <ymax>269</ymax>
        </bndbox>
    </object>
    <object>
        <name>ah64</name>
        <pose>Unspecified</pose>
        <truncated>0</truncated>
        <occluded>0</occluded>
        <difficult>0</difficult>
        <bndbox>
            <xmin>152</xmin>
            <ymin>59</ymin>
            <xmax>285</xmax>
            <ymax>124</ymax>
        </bndbox>
    </object>
</annotation>