<annotation>
    <folder>images</folder>
    <filename>image_00201.jpeg</filename>
    <size>
        <width>1280</width>
        <height>720</height>
        <depth>3</depth>
    </size>
    <segmented>0</segmented>
    <object>
        <name>f16</name>
        <pose>Unspecified</pose>
        <truncated>0</truncated>
        <occluded>0</occluded>
        <difficult>0</difficult>
        <bndbox>
            <xmin>612</xmin>
            <ymin>406</ymin>
            <xmax>703</xmax>
            <ymax>451</ymax>
        </bndbox>
    </object>
    <object>
        <name>f16</name>
        <pose>Unspecified</pose>
        <truncated>0</truncated>
        <occluded>0</occluded>
        <difficult>0</difficult>
        <bndbox>
            <xmin>700</xmin>
            <ymin>213</ymin>
            <xmax>988</xmax>
            <ymax>345</ymax>
        </bndbox>
    </object>
</annotation>