<annotation>
    <folder>images</folder>
    <filename>image_00155.jpeg</filename>
    <size>
        <width>1280</width>
        <height>720</height>
        <depth>3</depth>
    </size>
    <segmented>0</segmented>
    <object>
        <name>ah64</name>
        <pose>Unspecified</pose>
        <truncated>0</truncated>
        <occluded>0</occluded>
        <difficult>0</difficult>
        <bndbox>
            <xmin>654</xmin>
            <ymin>116</ymin>
            <xmax>914</xmax>
            <ymax>245</ymax>
        </bndbox>
    </object>
    <object>
        <name>ah64</name>
        <pose>Unspecified</pose>
        <truncated>0</truncated>
        <occluded>0</occluded>
        <difficult>0</difficult>
        <bndbox>
            <xmin>368</xmin>
            <ymin>205</ymin>
            <xmax>562</xmax>
            <ymax>287</ymax>
        </bndbox>
    </object>
</annotation>