<annotation>
    <folder>images</folder>
    <filename>image_00185.jpeg</filename>
    <size>
        <width>1280</width>
        <height>720</height>
        <depth>3</depth>
    </size>
    <segmented>0</segmented>
    <object>
        <name>chinook</name>
        <pose>Unspecified</pose>
        <truncated>0</truncated>
        <occluded>0</occluded>
        <difficult>0</difficult>
        <bndbox>
            <xmin>591</xmin>
            <ymin>312</ymin>
            <xmax>720</xmax>
            <ymax>382</ymax>
        </bndbox>
    </object>
    <object>
        <name>ah64</name>
        <pose>Unspecified</pose>
        <truncated>0</truncated>
        <occluded>0</occluded>
        <difficult>0</difficult>
        <bndbox>
            <xmin>758</xmin>
            <ymin>388</ymin>
            <xmax>833</xmax>
            <ymax>440</ymax>
        </bndbox>
    </object>
    <object>
        <name>ah64</name>
        <pose>Unspecified</pose>
        <truncated>0</truncated>
        <occluded>0</occluded>
        <difficult>0</difficult>
        <bndbox>
            <xmin>457</xmin>
            <ymin>388</ymin>
            <xmax>545</xmax>
            <ymax>436</ymax>
        </bndbox>
    </object>
    <object>
        <name>seahawk</name>
        <pose>Unspecified</pose>
        <truncated>0</truncated>
        <occluded>0</occluded>
        <difficult>0</difficult>
        <bndbox>
            <xmin>607</xmin>
            <ymin>443</ymin>
            <xmax>682</xmax>
            <ymax>489</ymax>
        </bndbox>
    </object>
    <object>
        <name>cougar</name>
        <pose>Unspecified</pose>
        <truncated>0</truncated>
        <occluded>0</occluded>
        <difficult>0</difficult>
        <bndbox>
            <xmin>867</xmin>
            <ymin>420</ymin>
            <xmax>961</xmax>
            <ymax>467</ymax>
        </bndbox>
    </object>
    <object>
        <name>cougar</name>
        <pose>Unspecified</pose>
        <truncated>0</truncated>
        <occluded>0</occluded>
        <difficult>0</difficult>
        <bndbox>
            <xmin>354</xmin>
            <ymin>429</ymin>
            <xmax>429</xmax>
            <ymax>472</ymax>
        </bndbox>
    </object>
</annotation>