<annotation>
    <folder>images</folder>
    <filename>image_00254.jpeg</filename>
    <size>
        <width>1280</width>
        <height>720</height>
        <depth>3</depth>
    </size>
    <segmented>0</segmented>
    <object>
        <name>f15</name>
        <pose>Unspecified</pose>
        <truncated>0</truncated>
        <occluded>0</occluded>
        <difficult>0</difficult>
        <bndbox>
            <xmin>484</xmin>
            <ymin>230</ymin>
            <xmax>645</xmax>
            <ymax>386</ymax>
        </bndbox>
    </object>
    <object>
        <name>f16</name>
        <pose>Unspecified</pose>
        <truncated>0</truncated>
        <occluded>0</occluded>
        <difficult>0</difficult>
        <bndbox>
            <xmin>707</xmin>
            <ymin>203</ymin>
            <xmax>824</xmax>
            <ymax>327</ymax>
        </bndbox>
    </object>
    <object>
        <name>f16</name>
        <pose>Unspecified</pose>
        <truncated>0</truncated>
        <occluded>0</occluded>
        <difficult>0</difficult>
        <bndbox>
            <xmin>504</xmin>
            <ymin>472</ymin>
            <xmax>624</xmax>
            <ymax>599</ymax>
        </bndbox>
    </object>
</annotation>