<annotation>
    <folder>images</folder>
    <filename>image_00044.jpeg</filename>
    <size>
        <width>1280</width>
        <height>720</height>
        <depth>3</depth>
    </size>
    <segmented>0</segmented>
    <object>
        <name>f16</name>
        <pose>Unspecified</pose>
        <truncated>0</truncated>
        <occluded>0</occluded>
        <difficult>0</difficult>
        <bndbox>
            <xmin>764</xmin>
            <ymin>311</ymin>
            <xmax>1042</xmax>
            <ymax>437</ymax>
        </bndbox>
    </object>
</annotation>