<annotation>
    <folder>images</folder>
    <filename>image_00261.jpeg</filename>
    <size>
        <width>1280</width>
        <height>720</height>
        <depth>3</depth>
    </size>
    <segmented>0</segmented>
    <object>
        <name>f16</name>
        <pose>Unspecified</pose>
        <truncated>0</truncated>
        <occluded>0</occluded>
        <difficult>0</difficult>
        <bndbox>
            <xmin>541</xmin>
            <ymin>433</ymin>
            <xmax>712</xmax>
            <ymax>490</ymax>
        </bndbox>
    </object>
    <object>
        <name>f16</name>
        <pose>Unspecified</pose>
        <truncated>0</truncated>
        <occluded>0</occluded>
        <difficult>0</difficult>
        <bndbox>
            <xmin>781</xmin>
            <ymin>148</ymin>
            <xmax>935</xmax>
            <ymax>263</ymax>
        </bndbox>
    </object>
    <object>
        <name>f15</name>
        <pose>Unspecified</pose>
        <truncated>0</truncated>
        <occluded>0</occluded>
        <difficult>0</difficult>
        <bndbox>
            <xmin>299</xmin>
            <ymin>190</ymin>
            <xmax>539</xmax>
            <ymax>350</ymax>
        </bndbox>
    </object>
</annotation>