<annotation>
    <folder>images</folder>
    <filename>image_00145.jpeg</filename>
    <size>
        <width>1280</width>
        <height>720</height>
        <depth>3</depth>
    </size>
    <segmented>0</segmented>
    <object>
        <name>ah64</name>
        <pose>Unspecified</pose>
        <truncated>0</truncated>
        <occluded>0</occluded>
        <difficult>0</difficult>
        <bndbox>
            <xmin>585</xmin>
            <ymin>291</ymin>
            <xmax>693</xmax>
            <ymax>348</ymax>
        </bndbox>
    </object>
    <object>
        <name>ah64</name>
        <pose>Unspecified</pose>
        <truncated>0</truncated>
        <occluded>0</occluded>
        <difficult>0</difficult>
        <bndbox>
            <xmin>501</xmin>
            <ymin>111</ymin>
            <xmax>639</xmax>
            <ymax>184</ymax>
        </bndbox>
    </object>
    <object>
        <name>chinook</name>
        <pose>Unspecified</pose>
        <truncated>0</truncated>
        <occluded>0</occluded>
        <difficult>0</difficult>
        <bndbox>
            <xmin>303</xmin>
            <ymin>219</ymin>
            <xmax>513</xmax>
            <ymax>310</ymax>
        </bndbox>
    </object>
</annotation>