<annotation>
    <folder>images</folder>
    <filename>image_00131.jpeg</filename>
    <size>
        <width>1280</width>
        <height>720</height>
        <depth>3</depth>
    </size>
    <segmented>0</segmented>
    <object>
        <name>f16</name>
        <pose>Unspecified</pose>
        <truncated>0</truncated>
        <occluded>0</occluded>
        <difficult>0</difficult>
        <bndbox>
            <xmin>959</xmin>
            <ymin>444</ymin>
            <xmax>1109</xmax>
            <ymax>535</ymax>
        </bndbox>
    </object>
    <object>
        <name>f16</name>
        <pose>Unspecified</pose>
        <truncated>0</truncated>
        <occluded>0</occluded>
        <difficult>0</difficult>
        <bndbox>
            <xmin>975</xmin>
            <ymin>299</ymin>
            <xmax>1135</xmax>
            <ymax>398</ymax>
        </bndbox>
    </object>
    <object>
        <name>f15</name>
        <pose>Unspecified</pose>
        <truncated>0</truncated>
        <occluded>0</occluded>
        <difficult>0</difficult>
        <bndbox>
            <xmin>723</xmin>
            <ymin>374</ymin>
            <xmax>923</xmax>
            <ymax>492</ymax>
        </bndbox>
    </object>
</annotation>