<annotation>
    <folder>images</folder>
    <filename>image_00303.jpeg</filename>
    <size>
        <width>1280</width>
        <height>720</height>
        <depth>3</depth>
    </size>
    <segmented>0</segmented>
    <object>
        <name>ah64</name>
        <pose>Unspecified</pose>
        <truncated>0</truncated>
        <occluded>0</occluded>
        <difficult>0</difficult>
        <bndbox>
            <xmin>721</xmin>
            <ymin>98</ymin>
            <xmax>890</xmax>
            <ymax>166</ymax>
        </bndbox>
    </object>
    <object>
        <name>ah64</name>
        <pose>Unspecified</pose>
        <truncated>0</truncated>
        <occluded>0</occluded>
        <difficult>0</difficult>
        <bndbox>
            <xmin>154</xmin>
            <ymin>118</ymin>
            <xmax>634</xmax>
            <ymax>324</ymax>
        </bndbox>
    </object>
</annotation>