<annotation>
    <folder>images</folder>
    <filename>image_00107.jpeg</filename>
    <size>
        <width>1280</width>
        <height>720</height>
        <depth>3</depth>
    </size>
    <segmented>0</segmented>
    <object>
        <name>cougar</name>
        <pose>Unspecified</pose>
        <truncated>0</truncated>
        <occluded>0</occluded>
        <difficult>0</difficult>
        <bndbox>
            <xmin>439</xmin>
            <ymin>181</ymin>
            <xmax>837</xmax>
            <ymax>319</ymax>
        </bndbox>
    </object>
</annotation>