<annotation>
    <folder>images</folder>
    <filename>image_00297.jpeg</filename>
    <size>
        <width>1280</width>
        <height>720</height>
        <depth>3</depth>
    </size>
    <segmented>0</segmented>
    <object>
        <name>ah64</name>
        <pose>Unspecified</pose>
        <truncated>0</truncated>
        <occluded>0</occluded>
        <difficult>0</difficult>
        <bndbox>
            <xmin>698</xmin>
            <ymin>257</ymin>
            <xmax>1150</xmax>
            <ymax>427</ymax>
        </bndbox>
    </object>
    <object>
        <name>ah64</name>
        <pose>Unspecified</pose>
        <truncated>0</truncated>
        <occluded>0</occluded>
        <difficult>0</difficult>
        <bndbox>
            <xmin>15</xmin>
            <ymin>304</ymin>
            <xmax>669</xmax>
            <ymax>524</ymax>
        </bndbox>
    </object>
</annotation>