<annotation>
    <folder>images</folder>
    <filename>image_00132.jpeg</filename>
    <size>
        <width>1280</width>
        <height>720</height>
        <depth>3</depth>
    </size>
    <segmented>0</segmented>
    <object>
        <name>f16</name>
        <pose>Unspecified</pose>
        <truncated>0</truncated>
        <occluded>0</occluded>
        <difficult>0</difficult>
        <bndbox>
            <xmin>774</xmin>
            <ymin>302</ymin>
            <xmax>930</xmax>
            <ymax>381</ymax>
        </bndbox>
    </object>
    <object>
        <name>f16</name>
        <pose>Unspecified</pose>
        <truncated>0</truncated>
        <occluded>0</occluded>
        <difficult>0</difficult>
        <bndbox>
            <xmin>475</xmin>
            <ymin>264</ymin>
            <xmax>659</xmax>
            <ymax>372</ymax>
        </bndbox>
    </object>
</annotation>