<annotation>
    <folder>images</folder>
    <filename>image_00223.jpeg</filename>
    <size>
        <width>1280</width>
        <height>720</height>
        <depth>3</depth>
    </size>
    <segmented>0</segmented>
    <object>
        <name>chinook</name>
        <pose>Unspecified</pose>
        <truncated>0</truncated>
        <occluded>0</occluded>
        <difficult>0</difficult>
        <bndbox>
            <xmin>442</xmin>
            <ymin>228</ymin>
            <xmax>922</xmax>
            <ymax>494</ymax>
        </bndbox>
    </object>
</annotation>