<annotation>
    <folder>images</folder>
    <filename>image_00284.jpeg</filename>
    <size>
        <width>1280</width>
        <height>720</height>
        <depth>3</depth>
    </size>
    <segmented>0</segmented>
    <object>
        <name>ah64</name>
        <pose>Unspecified</pose>
        <truncated>0</truncated>
        <occluded>0</occluded>
        <difficult>0</difficult>
        <bndbox>
            <xmin>352</xmin>
            <ymin>176</ymin>
            <xmax>969</xmax>
            <ymax>442</ymax>
        </bndbox>
    </object>
</annotation>