<annotation>
    <folder>images</folder>
    <filename>image_00298.jpeg</filename>
    <size>
        <width>1280</width>
        <height>720</height>
        <depth>3</depth>
    </size>
    <segmented>0</segmented>
    <object>
        <name>ah64</name>
        <pose>Unspecified</pose>
        <truncated>0</truncated>
        <occluded>0</occluded>
        <difficult>0</difficult>
        <bndbox>
            <xmin>694</xmin>
            <ymin>257</ymin>
            <xmax>1177</xmax>
            <ymax>428</ymax>
        </bndbox>
    </object>
    <object>
        <name>ah64</name>
        <pose>Unspecified</pose>
        <truncated>0</truncated>
        <occluded>0</occluded>
        <difficult>0</difficult>
        <bndbox>
            <xmin>14</xmin>
            <ymin>308</ymin>
            <xmax>680</xmax>
            <ymax>523</ymax>
        </bndbox>
    </object>
</annotation>