<annotation>
    <folder>images</folder>
    <filename>image_00165.jpeg</filename>
    <size>
        <width>1280</width>
        <height>720</height>
        <depth>3</depth>
    </size>
    <segmented>0</segmented>
    <object>
        <name>f15</name>
        <pose>Unspecified</pose>
        <truncated>0</truncated>
        <occluded>0</occluded>
        <difficult>0</difficult>
        <bndbox>
            <xmin>735</xmin>
            <ymin>141</ymin>
            <xmax>826</xmax>
            <ymax>197</ymax>
        </bndbox>
    </object>
    <object>
        <name>f16</name>
        <pose>Unspecified</pose>
        <truncated>0</truncated>
        <occluded>0</occluded>
        <difficult>0</difficult>
        <bndbox>
            <xmin>256</xmin>
            <ymin>356</ymin>
            <xmax>312</xmax>
            <ymax>416</ymax>
        </bndbox>
    </object>
    <object>
        <name>f16</name>
        <pose>Unspecified</pose>
        <truncated>0</truncated>
        <occluded>0</occluded>
        <difficult>0</difficult>
        <bndbox>
            <xmin>406</xmin>
            <ymin>143</ymin>
            <xmax>466</xmax>
            <ymax>185</ymax>
        </bndbox>
    </object>
</annotation>