<annotation>
    <folder>images</folder>
    <filename>image_00154.jpeg</filename>
    <size>
        <width>1280</width>
        <height>720</height>
        <depth>3</depth>
    </size>
    <segmented>0</segmented>
    <object>
        <name>ah64</name>
        <pose>Unspecified</pose>
        <truncated>0</truncated>
        <occluded>0</occluded>
        <difficult>0</difficult>
        <bndbox>
            <xmin>798</xmin>
            <ymin>108</ymin>
            <xmax>1064</xmax>
            <ymax>237</ymax>
        </bndbox>
    </object>
    <object>
        <name>ah64</name>
        <pose>Unspecified</pose>
        <truncated>0</truncated>
        <occluded>0</occluded>
        <difficult>0</difficult>
        <bndbox>
            <xmin>349</xmin>
            <ymin>210</ymin>
            <xmax>554</xmax>
            <ymax>290</ymax>
        </bndbox>
    </object>
</annotation>