<annotation>
    <folder>images</folder>
    <filename>image_00081.jpeg</filename>
    <size>
        <width>1280</width>
        <height>720</height>
        <depth>3</depth>
    </size>
    <segmented>0</segmented>
    <object>
        <name>cougar</name>
        <pose>Unspecified</pose>
        <truncated>0</truncated>
        <occluded>0</occluded>
        <difficult>0</difficult>
        <bndbox>
            <xmin>470</xmin>
            <ymin>200</ymin>
            <xmax>821</xmax>
            <ymax>376</ymax>
        </bndbox>
    </object>
</annotation>