<annotation>
    <folder>images</folder>
    <filename>image_00162.jpeg</filename>
    <size>
        <width>1280</width>
        <height>720</height>
        <depth>3</depth>
    </size>
    <segmented>0</segmented>
    <object>
        <name>ah64</name>
        <pose>Unspecified</pose>
        <truncated>0</truncated>
        <occluded>0</occluded>
        <difficult>0</difficult>
        <bndbox>
            <xmin>716</xmin>
            <ymin>406</ymin>
            <xmax>988</xmax>
            <ymax>584</ymax>
        </bndbox>
    </object>
    <object>
        <name>ah64</name>
        <pose>Unspecified</pose>
        <truncated>0</truncated>
        <occluded>0</occluded>
        <difficult>0</difficult>
        <bndbox>
            <xmin>592</xmin>
            <ymin>98</ymin>
            <xmax>911</xmax>
            <ymax>331</ymax>
        </bndbox>
    </object>
</annotation>