<annotation>
    <folder>images</folder>
    <filename>image_00134.jpeg</filename>
    <size>
        <width>1280</width>
        <height>720</height>
        <depth>3</depth>
    </size>
    <segmented>0</segmented>
    <object>
        <name>f15</name>
        <pose>Unspecified</pose>
        <truncated>0</truncated>
        <occluded>0</occluded>
        <difficult>0</difficult>
        <bndbox>
            <xmin>669</xmin>
            <ymin>205</ymin>
            <xmax>883</xmax>
            <ymax>373</ymax>
        </bndbox>
    </object>
    <object>
        <name>f16</name>
        <pose>Unspecified</pose>
        <truncated>0</truncated>
        <occluded>0</occluded>
        <difficult>0</difficult>
        <bndbox>
            <xmin>614</xmin>
            <ymin>431</ymin>
            <xmax>773</xmax>
            <ymax>570</ymax>
        </bndbox>
    </object>
    <object>
        <name>f16</name>
        <pose>Unspecified</pose>
        <truncated>0</truncated>
        <occluded>0</occluded>
        <difficult>0</difficult>
        <bndbox>
            <xmin>435</xmin>
            <ymin>136</ymin>
            <xmax>600</xmax>
            <ymax>219</ymax>
        </bndbox>
    </object>
</annotation>