<annotation>
    <folder>images</folder>
    <filename>image_00305.jpeg</filename>
    <size>
        <width>1280</width>
        <height>720</height>
        <depth>3</depth>
    </size>
    <segmented>0</segmented>
    <object>
        <name>ah64</name>
        <pose>Unspecified</pose>
        <truncated>0</truncated>
        <occluded>0</occluded>
        <difficult>0</difficult>
        <bndbox>
            <xmin>700</xmin>
            <ymin>239</ymin>
            <xmax>1028</xmax>
            <ymax>376</ymax>
        </bndbox>
    </object>
    <object>
        <name>ah64</name>
        <pose>Unspecified</pose>
        <truncated>0</truncated>
        <occluded>0</occluded>
        <difficult>0</difficult>
        <bndbox>
            <xmin>373</xmin>
            <ymin>141</ymin>
            <xmax>518</xmax>
            <ymax>198</ymax>
        </bndbox>
    </object>
</annotation>