<annotation>
    <folder>images</folder>
    <filename>image_00300.jpeg</filename>
    <size>
        <width>1280</width>
        <height>720</height>
        <depth>3</depth>
    </size>
    <segmented>0</segmented>
    <object>
        <name>ah64</name>
        <pose>Unspecified</pose>
        <truncated>0</truncated>
        <occluded>0</occluded>
        <difficult>0</difficult>
        <bndbox>
            <xmin>712</xmin>
            <ymin>307</ymin>
            <xmax>1077</xmax>
            <ymax>413</ymax>
        </bndbox>
    </object>
    <object>
        <name>ah64</name>
        <pose>Unspecified</pose>
        <truncated>0</truncated>
        <occluded>0</occluded>
        <difficult>0</difficult>
        <bndbox>
            <xmin>1</xmin>
            <ymin>211</ymin>
            <xmax>428</xmax>
            <ymax>392</ymax>
        </bndbox>
    </object>
</annotation>