<annotation>
    <folder>images</folder>
    <filename>image_00153.jpeg</filename>
    <size>
        <width>1280</width>
        <height>720</height>
        <depth>3</depth>
    </size>
    <segmented>0</segmented>
    <object>
        <name>ah64</name>
        <pose>Unspecified</pose>
        <truncated>0</truncated>
        <occluded>0</occluded>
        <difficult>0</difficult>
        <bndbox>
            <xmin>713</xmin>
            <ymin>137</ymin>
            <xmax>917</xmax>
            <ymax>317</ymax>
        </bndbox>
    </object>
    <object>
        <name>ah64</name>
        <pose>Unspecified</pose>
        <truncated>0</truncated>
        <occluded>0</occluded>
        <difficult>0</difficult>
        <bndbox>
            <xmin>284</xmin>
            <ymin>190</ymin>
            <xmax>453</xmax>
            <ymax>353</ymax>
        </bndbox>
    </object>
</annotation>