<annotation>
    <folder>images</folder>
    <filename>image_00277.jpeg</filename>
    <size>
        <width>1280</width>
        <height>720</height>
        <depth>3</depth>
    </size>
    <segmented>0</segmented>
    <object>
        <name>ah64</name>
        <pose>Unspecified</pose>
        <truncated>0</truncated>
        <occluded>0</occluded>
        <difficult>0</difficult>
        <bndbox>
            <xmin>659</xmin>
            <ymin>259</ymin>
            <xmax>821</xmax>
            <ymax>360</ymax>
        </bndbox>
    </object>
    <object>
        <name>ah64</name>
        <pose>Unspecified</pose>
        <truncated>0</truncated>
        <occluded>0</occluded>
        <difficult>0</difficult>
        <bndbox>
            <xmin>536</xmin>
            <ymin>424</ymin>
            <xmax>658</xmax>
            <ymax>505</ymax>
        </bndbox>
    </object>
</annotation>