<annotation>
    <folder>images</folder>
    <filename>image_00124.jpeg</filename>
    <size>
        <width>1280</width>
        <height>720</height>
        <depth>3</depth>
    </size>
    <segmented>0</segmented>
    <object>
        <name>f16</name>
        <pose>Unspecified</pose>
        <truncated>0</truncated>
        <occluded>0</occluded>
        <difficult>0</difficult>
        <bndbox>
            <xmin>725</xmin>
            <ymin>309</ymin>
            <xmax>862</xmax>
            <ymax>399</ymax>
        </bndbox>
    </object>
    <object>
        <name>f16</name>
        <pose>Unspecified</pose>
        <truncated>0</truncated>
        <occluded>0</occluded>
        <difficult>0</difficult>
        <bndbox>
            <xmin>617</xmin>
            <ymin>143</ymin>
            <xmax>755</xmax>
            <ymax>238</ymax>
        </bndbox>
    </object>
    <object>
        <name>f15</name>
        <pose>Unspecified</pose>
        <truncated>0</truncated>
        <occluded>0</occluded>
        <difficult>0</difficult>
        <bndbox>
            <xmin>388</xmin>
            <ymin>314</ymin>
            <xmax>556</xmax>
            <ymax>422</ymax>
        </bndbox>
    </object>
</annotation>