<annotation>
    <folder>images</folder>
    <filename>image_00068.jpeg</filename>
    <size>
        <width>1280</width>
        <height>720</height>
        <depth>3</depth>
    </size>
    <segmented>0</segmented>
    <object>
        <name>cougar</name>
        <pose>Unspecified</pose>
        <truncated>0</truncated>
        <occluded>0</occluded>
        <difficult>0</difficult>
        <bndbox>
            <xmin>424</xmin>
            <ymin>151</ymin>
            <xmax>861</xmax>
            <ymax>333</ymax>
        </bndbox>
    </object>
</annotation>