<annotation>
    <folder>images</folder>
    <filename>image_00229.jpeg</filename>
    <size>
        <width>1280</width>
        <height>720</height>
        <depth>3</depth>
    </size>
    <segmented>0</segmented>
    <object>
        <name>seahawk</name>
        <pose>Unspecified</pose>
        <truncated>0</truncated>
        <occluded>0</occluded>
        <difficult>0</difficult>
        <bndbox>
            <xmin>616</xmin>
            <ymin>549</ymin>
            <xmax>734</xmax>
            <ymax>593</ymax>
        </bndbox>
    </object>
    <object>
        <name>ah64</name>
        <pose>Unspecified</pose>
        <truncated>0</truncated>
        <occluded>0</occluded>
        <difficult>0</difficult>
        <bndbox>
            <xmin>903</xmin>
            <ymin>536</ymin>
            <xmax>1036</xmax>
            <ymax>585</ymax>
        </bndbox>
    </object>
    <object>
        <name>ah64</name>
        <pose>Unspecified</pose>
        <truncated>0</truncated>
        <occluded>0</occluded>
        <difficult>0</difficult>
        <bndbox>
            <xmin>285</xmin>
            <ymin>535</ymin>
            <xmax>398</xmax>
            <ymax>583</ymax>
        </bndbox>
    </object>
    <object>
        <name>cougar</name>
        <pose>Unspecified</pose>
        <truncated>0</truncated>
        <occluded>0</occluded>
        <difficult>0</difficult>
        <bndbox>
            <xmin>1066</xmin>
            <ymin>550</ymin>
            <xmax>1174</xmax>
            <ymax>600</ymax>
        </bndbox>
    </object>
    <object>
        <name>cougar</name>
        <pose>Unspecified</pose>
        <truncated>0</truncated>
        <occluded>0</occluded>
        <difficult>0</difficult>
        <bndbox>
            <xmin>118</xmin>
            <ymin>547</ymin>
            <xmax>225</xmax>
            <ymax>600</ymax>
        </bndbox>
    </object>
    <object>
        <name>chinook</name>
        <pose>Unspecified</pose>
        <truncated>0</truncated>
        <occluded>0</occluded>
        <difficult>0</difficult>
        <bndbox>
            <xmin>611</xmin>
            <ymin>485</ymin>
            <xmax>774</xmax>
            <ymax>550</ymax>
        </bndbox>
    </object>
    <object>
        <name>chinook</name>
        <pose>Unspecified</pose>
        <truncated>0</truncated>
        <occluded>0</occluded>
        <difficult>0</difficult>
        <bndbox>
            <xmin>74</xmin>
            <ymin>49</ymin>
            <xmax>1138</xmax>
            <ymax>340</ymax>
        </bndbox>
    </object>
</annotation>