<annotation>
    <folder>images</folder>
    <filename>image_00183.jpeg</filename>
    <size>
        <width>1280</width>
        <height>720</height>
        <depth>3</depth>
    </size>
    <segmented>0</segmented>
    <object>
        <name>f16</name>
        <pose>Unspecified</pose>
        <truncated>0</truncated>
        <occluded>0</occluded>
        <difficult>0</difficult>
        <bndbox>
            <xmin>829</xmin>
            <ymin>314</ymin>
            <xmax>1026</xmax>
            <ymax>470</ymax>
        </bndbox>
    </object>
    <object>
        <name>f16</name>
        <pose>Unspecified</pose>
        <truncated>0</truncated>
        <occluded>0</occluded>
        <difficult>0</difficult>
        <bndbox>
            <xmin>613</xmin>
            <ymin>273</ymin>
            <xmax>818</xmax>
            <ymax>428</ymax>
        </bndbox>
    </object>
    <object>
        <name>f15</name>
        <pose>Unspecified</pose>
        <truncated>0</truncated>
        <occluded>0</occluded>
        <difficult>0</difficult>
        <bndbox>
            <xmin>340</xmin>
            <ymin>211</ymin>
            <xmax>606</xmax>
            <ymax>401</ymax>
        </bndbox>
    </object>
</annotation>