<annotation>
    <folder>images</folder>
    <filename>image_00243.jpeg</filename>
    <size>
        <width>1280</width>
        <height>720</height>
        <depth>3</depth>
    </size>
    <segmented>0</segmented>
    <object>
        <name>f16</name>
        <pose>Unspecified</pose>
        <truncated>0</truncated>
        <occluded>0</occluded>
        <difficult>0</difficult>
        <bndbox>
            <xmin>770</xmin>
            <ymin>254</ymin>
            <xmax>882</xmax>
            <ymax>308</ymax>
        </bndbox>
    </object>
    <object>
        <name>f16</name>
        <pose>Unspecified</pose>
        <truncated>0</truncated>
        <occluded>0</occluded>
        <difficult>0</difficult>
        <bndbox>
            <xmin>680</xmin>
            <ymin>256</ymin>
            <xmax>787</xmax>
            <ymax>311</ymax>
        </bndbox>
    </object>
    <object>
        <name>f15</name>
        <pose>Unspecified</pose>
        <truncated>0</truncated>
        <occluded>0</occluded>
        <difficult>0</difficult>
        <bndbox>
            <xmin>590</xmin>
            <ymin>312</ymin>
            <xmax>745</xmax>
            <ymax>357</ymax>
        </bndbox>
    </object>
</annotation>