<annotation>
    <folder>images</folder>
    <filename>image_00321.jpeg</filename>
    <size>
        <width>1280</width>
        <height>720</height>
        <depth>3</depth>
    </size>
    <segmented>0</segmented>
    <object>
        <name>chinook</name>
        <pose>Unspecified</pose>
        <truncated>0</truncated>
        <occluded>0</occluded>
        <difficult>0</difficult>
        <bndbox>
            <xmin>845</xmin>
            <ymin>29</ymin>
            <xmax>956</xmax>
            <ymax>80</ymax>
        </bndbox>
    </object>
    <object>
        <name>ah64</name>
        <pose>Unspecified</pose>
        <truncated>0</truncated>
        <occluded>0</occluded>
        <difficult>0</difficult>
        <bndbox>
            <xmin>1131</xmin>
            <ymin>87</ymin>
            <xmax>1197</xmax>
            <ymax>131</ymax>
        </bndbox>
    </object>
    <object>
        <name>ah64</name>
        <pose>Unspecified</pose>
        <truncated>0</truncated>
        <occluded>0</occluded>
        <difficult>0</difficult>
        <bndbox>
            <xmin>741</xmin>
            <ymin>101</ymin>
            <xmax>814</xmax>
            <ymax>146</ymax>
        </bndbox>
    </object>
</annotation>