<annotation>
    <folder>images</folder>
    <filename>image_00069.jpeg</filename>
    <size>
        <width>1280</width>
        <height>720</height>
        <depth>3</depth>
    </size>
    <segmented>0</segmented>
    <object>
        <name>ah64</name>
        <pose>Unspecified</pose>
        <truncated>0</truncated>
        <occluded>0</occluded>
        <difficult>0</difficult>
        <bndbox>
            <xmin>616</xmin>
            <ymin>368</ymin>
            <xmax>1280</xmax>
            <ymax>720</ymax>
        </bndbox>
    </object>
    <object>
        <name>ah64</name>
        <pose>Unspecified</pose>
        <truncated>0</truncated>
        <occluded>0</occluded>
        <difficult>0</difficult>
        <bndbox>
            <xmin>1</xmin>
            <ymin>199</ymin>
            <xmax>140</xmax>
            <ymax>253</ymax>
        </bndbox>
    </object>
    <object>
        <name>seahawk</name>
        <pose>Unspecified</pose>
        <truncated>0</truncated>
        <occluded>0</occluded>
        <difficult>0</difficult>
        <bndbox>
            <xmin>618</xmin>
            <ymin>40</ymin>
            <xmax>1280</xmax>
            <ymax>266</ymax>
        </bndbox>
    </object>
    <object>
        <name>chinook</name>
        <pose>Unspecified</pose>
        <truncated>0</truncated>
        <occluded>0</occluded>
        <difficult>0</difficult>
        <bndbox>
            <xmin>1</xmin>
            <ymin>464</ymin>
            <xmax>611</xmax>
            <ymax>634</ymax>
        </bndbox>
    </object>
    <object>
        <name>cougar</name>
        <pose>Unspecified</pose>
        <truncated>0</truncated>
        <occluded>0</occluded>
        <difficult>0</difficult>
        <bndbox>
            <xmin>38</xmin>
            <ymin>26</ymin>
            <xmax>598</xmax>
            <ymax>238</ymax>
        </bndbox>
    </object>
</annotation>