<annotation>
    <folder>images</folder>
    <filename>image_00290.jpeg</filename>
    <size>
        <width>1280</width>
        <height>720</height>
        <depth>3</depth>
    </size>
    <segmented>0</segmented>
    <object>
        <name>ah64</name>
        <pose>Unspecified</pose>
        <truncated>0</truncated>
        <occluded>0</occluded>
        <difficult>0</difficult>
        <bndbox>
            <xmin>768</xmin>
            <ymin>533</ymin>
            <xmax>837</xmax>
            <ymax>575</ymax>
        </bndbox>
    </object>
    <object>
        <name>ah64</name>
        <pose>Unspecified</pose>
        <truncated>0</truncated>
        <occluded>0</occluded>
        <difficult>0</difficult>
        <bndbox>
            <xmin>363</xmin>
            <ymin>204</ymin>
            <xmax>748</xmax>
            <ymax>457</ymax>
        </bndbox>
    </object>
</annotation>