<annotation>
    <folder>images</folder>
    <filename>image_00251.jpeg</filename>
    <size>
        <width>1280</width>
        <height>720</height>
        <depth>3</depth>
    </size>
    <segmented>0</segmented>
    <object>
        <name>f15</name>
        <pose>Unspecified</pose>
        <truncated>0</truncated>
        <occluded>0</occluded>
        <difficult>0</difficult>
        <bndbox>
            <xmin>631</xmin>
            <ymin>375</ymin>
            <xmax>721</xmax>
            <ymax>442</ymax>
        </bndbox>
    </object>
    <object>
        <name>f16</name>
        <pose>Unspecified</pose>
        <truncated>0</truncated>
        <occluded>0</occluded>
        <difficult>0</difficult>
        <bndbox>
            <xmin>728</xmin>
            <ymin>370</ymin>
            <xmax>808</xmax>
            <ymax>412</ymax>
        </bndbox>
    </object>
    <object>
        <name>f16</name>
        <pose>Unspecified</pose>
        <truncated>0</truncated>
        <occluded>0</occluded>
        <difficult>0</difficult>
        <bndbox>
            <xmin>522</xmin>
            <ymin>484</ymin>
            <xmax>604</xmax>
            <ymax>529</ymax>
        </bndbox>
    </object>
</annotation>