<annotation>
    <folder>images</folder>
    <filename>image_00008.jpeg</filename>
    <size>
        <width>1280</width>
        <height>720</height>
        <depth>3</depth>
    </size>
    <segmented>0</segmented>
    <object>
        <name>f16</name>
        <pose>Unspecified</pose>
        <truncated>0</truncated>
        <occluded>0</occluded>
        <difficult>0</difficult>
        <bndbox>
            <xmin>582</xmin>
            <ymin>195</ymin>
            <xmax>1013</xmax>
            <ymax>404</ymax>
        </bndbox>
    </object>
    <object>
        <name>f16</name>
        <pose>Unspecified</pose>
        <truncated>0</truncated>
        <occluded>0</occluded>
        <difficult>0</difficult>
        <bndbox>
            <xmin>224</xmin>
            <ymin>263</ymin>
            <xmax>517</xmax>
            <ymax>407</ymax>
        </bndbox>
    </object>
</annotation>