<annotation>
    <folder>images</folder>
    <filename>image_00323.jpeg</filename>
    <size>
        <width>1280</width>
        <height>720</height>
        <depth>3</depth>
    </size>
    <segmented>0</segmented>
    <object>
        <name>ah64</name>
        <pose>Unspecified</pose>
        <truncated>0</truncated>
        <occluded>0</occluded>
        <difficult>0</difficult>
        <bndbox>
            <xmin>957</xmin>
            <ymin>205</ymin>
            <xmax>1137</xmax>
            <ymax>299</ymax>
        </bndbox>
    </object>
    <object>
        <name>chinook</name>
        <pose>Unspecified</pose>
        <truncated>0</truncated>
        <occluded>0</occluded>
        <difficult>0</difficult>
        <bndbox>
            <xmin>87</xmin>
            <ymin>35</ymin>
            <xmax>393</xmax>
            <ymax>205</ymax>
        </bndbox>
    </object>
</annotation>