<annotation>
    <folder>images</folder>
    <filename>image_00241.jpeg</filename>
    <size>
        <width>1280</width>
        <height>720</height>
        <depth>3</depth>
    </size>
    <segmented>0</segmented>
    <object>
        <name>ah64</name>
        <pose>Unspecified</pose>
        <truncated>0</truncated>
        <occluded>0</occluded>
        <difficult>0</difficult>
        <bndbox>
            <xmin>1030</xmin>
            <ymin>415</ymin>
            <xmax>1250</xmax>
            <ymax>544</ymax>
        </bndbox>
    </object>
    <object>
        <name>ah64</name>
        <pose>Unspecified</pose>
        <truncated>0</truncated>
        <occluded>0</occluded>
        <difficult>0</difficult>
        <bndbox>
            <xmin>59</xmin>
            <ymin>213</ymin>
            <xmax>297</xmax>
            <ymax>357</ymax>
        </bndbox>
    </object>
</annotation>