<annotation>
    <folder>images</folder>
    <filename>image_00093.jpeg</filename>
    <size>
        <width>1280</width>
        <height>720</height>
        <depth>3</depth>
    </size>
    <segmented>0</segmented>
    <object>
        <name>seahawk</name>
        <pose>Unspecified</pose>
        <truncated>0</truncated>
        <occluded>0</occluded>
        <difficult>0</difficult>
        <bndbox>
            <xmin>225</xmin>
            <ymin>418</ymin>
            <xmax>393</xmax>
            <ymax>473</ymax>
        </bndbox>
    </object>
    <object>
        <name>cougar</name>
        <pose>Unspecified</pose>
        <truncated>0</truncated>
        <occluded>0</occluded>
        <difficult>0</difficult>
        <bndbox>
            <xmin>395</xmin>
            <ymin>117</ymin>
            <xmax>1039</xmax>
            <ymax>593</ymax>
        </bndbox>
    </object>
</annotation>