<annotation>
    <folder>images</folder>
    <filename>image_00329.jpeg</filename>
    <size>
        <width>1280</width>
        <height>720</height>
        <depth>3</depth>
    </size>
    <segmented>0</segmented>
    <object>
        <name>f15</name>
        <pose>Unspecified</pose>
        <truncated>0</truncated>
        <occluded>0</occluded>
        <difficult>0</difficult>
        <bndbox>
            <xmin>970</xmin>
            <ymin>287</ymin>
            <xmax>1030</xmax>
            <ymax>344</ymax>
        </bndbox>
    </object>
    <object>
        <name>f15</name>
        <pose>Unspecified</pose>
        <truncated>0</truncated>
        <occluded>0</occluded>
        <difficult>0</difficult>
        <bndbox>
            <xmin>118</xmin>
            <ymin>254</ymin>
            <xmax>149</xmax>
            <ymax>304</ymax>
        </bndbox>
    </object>
</annotation>