<annotation>
    <folder>images</folder>
    <filename>image_00281.jpeg</filename>
    <size>
        <width>1280</width>
        <height>720</height>
        <depth>3</depth>
    </size>
    <segmented>0</segmented>
    <object>
        <name>ah64</name>
        <pose>Unspecified</pose>
        <truncated>0</truncated>
        <occluded>0</occluded>
        <difficult>0</difficult>
        <bndbox>
            <xmin>288</xmin>
            <ymin>170</ymin>
            <xmax>522</xmax>
            <ymax>261</ymax>
        </bndbox>
    </object>
    <object>
        <name>seahawk</name>
        <pose>Unspecified</pose>
        <truncated>0</truncated>
        <occluded>0</occluded>
        <difficult>0</difficult>
        <bndbox>
            <xmin>467</xmin>
            <ymin>211</ymin>
            <xmax>802</xmax>
            <ymax>351</ymax>
        </bndbox>
    </object>
</annotation>