<annotation>
    <folder>images</folder>
    <filename>image_00354.jpeg</filename>
    <size>
        <width>1280</width>
        <height>720</height>
        <depth>3</depth>
    </size>
    <segmented>0</segmented>
    <object>
        <name>chinook</name>
        <pose>Unspecified</pose>
        <truncated>0</truncated>
        <occluded>0</occluded>
        <difficult>0</difficult>
        <bndbox>
            <xmin>628</xmin>
            <ymin>295</ymin>
            <xmax>705</xmax>
            <ymax>335</ymax>
        </bndbox>
    </object>
    <object>
        <name>ah64</name>
        <pose>Unspecified</pose>
        <truncated>0</truncated>
        <occluded>0</occluded>
        <difficult>0</difficult>
        <bndbox>
            <xmin>487</xmin>
            <ymin>288</ymin>
            <xmax>569</xmax>
            <ymax>332</ymax>
        </bndbox>
    </object>
    <object>
        <name>ah64</name>
        <pose>Unspecified</pose>
        <truncated>0</truncated>
        <occluded>0</occluded>
        <difficult>0</difficult>
        <bndbox>
            <xmin>810</xmin>
            <ymin>307</ymin>
            <xmax>889</xmax>
            <ymax>348</ymax>
        </bndbox>
    </object>
    <object>
        <name>cougar</name>
        <pose>Unspecified</pose>
        <truncated>0</truncated>
        <occluded>0</occluded>
        <difficult>0</difficult>
        <bndbox>
            <xmin>1132</xmin>
            <ymin>314</ymin>
            <xmax>1263</xmax>
            <ymax>383</ymax>
        </bndbox>
    </object>
    <object>
        <name>cougar</name>
        <pose>Unspecified</pose>
        <truncated>0</truncated>
        <occluded>0</occluded>
        <difficult>0</difficult>
        <bndbox>
            <xmin>189</xmin>
            <ymin>282</ymin>
            <xmax>332</xmax>
            <ymax>345</ymax>
        </bndbox>
    </object>
</annotation>