<annotation>
    <folder>images</folder>
    <filename>image_00184.jpeg</filename>
    <size>
        <width>1280</width>
        <height>720</height>
        <depth>3</depth>
    </size>
    <segmented>0</segmented>
    <object>
        <name>f15</name>
        <pose>Unspecified</pose>
        <truncated>0</truncated>
        <occluded>0</occluded>
        <difficult>0</difficult>
        <bndbox>
            <xmin>507</xmin>
            <ymin>262</ymin>
            <xmax>816</xmax>
            <ymax>433</ymax>
        </bndbox>
    </object>
    <object>
        <name>f16</name>
        <pose>Unspecified</pose>
        <truncated>0</truncated>
        <occluded>0</occluded>
        <difficult>0</difficult>
        <bndbox>
            <xmin>811</xmin>
            <ymin>326</ymin>
            <xmax>1041</xmax>
            <ymax>455</ymax>
        </bndbox>
    </object>
    <object>
        <name>f16</name>
        <pose>Unspecified</pose>
        <truncated>0</truncated>
        <occluded>0</occluded>
        <difficult>0</difficult>
        <bndbox>
            <xmin>855</xmin>
            <ymin>159</ymin>
            <xmax>1087</xmax>
            <ymax>298</ymax>
        </bndbox>
    </object>
</annotation>