<annotation>
    <folder>images</folder>
    <filename>image_00360.jpeg</filename>
    <size>
        <width>1280</width>
        <height>720</height>
        <depth>3</depth>
    </size>
    <segmented>0</segmented>
    <object>
        <name>cougar</name>
        <pose>Unspecified</pose>
        <truncated>0</truncated>
        <occluded>0</occluded>
        <difficult>0</difficult>
        <bndbox>
            <xmin>43</xmin>
            <ymin>364</ymin>
            <xmax>231</xmax>
            <ymax>486</ymax>
        </bndbox>
    </object>
    <object>
        <name>cougar</name>
        <pose>Unspecified</pose>
        <truncated>0</truncated>
        <occluded>0</occluded>
        <difficult>0</difficult>
        <bndbox>
            <xmin>998</xmin>
            <ymin>367</ymin>
            <xmax>1208</xmax>
            <ymax>499</ymax>
        </bndbox>
    </object>
    <object>
        <name>seahawk</name>
        <pose>Unspecified</pose>
        <truncated>0</truncated>
        <occluded>0</occluded>
        <difficult>0</difficult>
        <bndbox>
            <xmin>523</xmin>
            <ymin>434</ymin>
            <xmax>695</xmax>
            <ymax>554</ymax>
        </bndbox>
    </object>
    <object>
        <name>ah64</name>
        <pose>Unspecified</pose>
        <truncated>0</truncated>
        <occluded>0</occluded>
        <difficult>0</difficult>
        <bndbox>
            <xmin>256</xmin>
            <ymin>237</ymin>
            <xmax>447</xmax>
            <ymax>368</ymax>
        </bndbox>
    </object>
    <object>
        <name>ah64</name>
        <pose>Unspecified</pose>
        <truncated>0</truncated>
        <occluded>0</occluded>
        <difficult>0</difficult>
        <bndbox>
            <xmin>761</xmin>
            <ymin>230</ymin>
            <xmax>961</xmax>
            <ymax>368</ymax>
        </bndbox>
    </object>
    <object>
        <name>chinook</name>
        <pose>Unspecified</pose>
        <truncated>0</truncated>
        <occluded>0</occluded>
        <difficult>0</difficult>
        <bndbox>
            <xmin>490</xmin>
            <ymin>37</ymin>
            <xmax>750</xmax>
            <ymax>204</ymax>
        </bndbox>
    </object>
</annotation>