<annotation>
    <folder>images</folder>
    <filename>image_00308.jpeg</filename>
    <size>
        <width>1280</width>
        <height>720</height>
        <depth>3</depth>
    </size>
    <segmented>0</segmented>
    <object>
        <name>seahawk</name>
        <pose>Unspecified</pose>
        <truncated>0</truncated>
        <occluded>0</occluded>
        <difficult>0</difficult>
        <bndbox>
            <xmin>407</xmin>
            <ymin>132</ymin>
            <xmax>868</xmax>
            <ymax>454</ymax>
        </bndbox>
    </object>
</annotation>