<annotation>
    <folder>images</folder>
    <filename>image_00245.jpeg</filename>
    <size>
        <width>1280</width>
        <height>720</height>
        <depth>3</depth>
    </size>
    <segmented>0</segmented>
    <object>
        <name>f16</name>
        <pose>Unspecified</pose>
        <truncated>0</truncated>
        <occluded>0</occluded>
        <difficult>0</difficult>
        <bndbox>
            <xmin>887</xmin>
            <ymin>99</ymin>
            <xmax>1108</xmax>
            <ymax>247</ymax>
        </bndbox>
    </object>
</annotation>