<annotation>
    <folder>images</folder>
    <filename>image_00192.jpeg</filename>
    <size>
        <width>1280</width>
        <height>720</height>
        <depth>3</depth>
    </size>
    <segmented>0</segmented>
    <object>
        <name>f15</name>
        <pose>Unspecified</pose>
        <truncated>0</truncated>
        <occluded>0</occluded>
        <difficult>0</difficult>
        <bndbox>
            <xmin>305</xmin>
            <ymin>210</ymin>
            <xmax>1107</xmax>
            <ymax>451</ymax>
        </bndbox>
    </object>
</annotation>