<annotation>
    <folder>images</folder>
    <filename>image_00311.jpeg</filename>
    <size>
        <width>1280</width>
        <height>720</height>
        <depth>3</depth>
    </size>
    <segmented>0</segmented>
    <object>
        <name>seahawk</name>
        <pose>Unspecified</pose>
        <truncated>0</truncated>
        <occluded>0</occluded>
        <difficult>0</difficult>
        <bndbox>
            <xmin>472</xmin>
            <ymin>174</ymin>
            <xmax>687</xmax>
            <ymax>260</ymax>
        </bndbox>
    </object>
</annotation>