<annotation>
    <folder>images</folder>
    <filename>image_00256.jpeg</filename>
    <size>
        <width>1280</width>
        <height>720</height>
        <depth>3</depth>
    </size>
    <segmented>0</segmented>
    <object>
        <name>f16</name>
        <pose>Unspecified</pose>
        <truncated>0</truncated>
        <occluded>0</occluded>
        <difficult>0</difficult>
        <bndbox>
            <xmin>834</xmin>
            <ymin>320</ymin>
            <xmax>1021</xmax>
            <ymax>463</ymax>
        </bndbox>
    </object>
    <object>
        <name>f16</name>
        <pose>Unspecified</pose>
        <truncated>0</truncated>
        <occluded>0</occluded>
        <difficult>0</difficult>
        <bndbox>
            <xmin>618</xmin>
            <ymin>283</ymin>
            <xmax>807</xmax>
            <ymax>419</ymax>
        </bndbox>
    </object>
    <object>
        <name>f15</name>
        <pose>Unspecified</pose>
        <truncated>0</truncated>
        <occluded>0</occluded>
        <difficult>0</difficult>
        <bndbox>
            <xmin>347</xmin>
            <ymin>222</ymin>
            <xmax>605</xmax>
            <ymax>397</ymax>
        </bndbox>
    </object>
</annotation>