<annotation>
    <folder>images</folder>
    <filename>image_00253.jpeg</filename>
    <size>
        <width>1280</width>
        <height>720</height>
        <depth>3</depth>
    </size>
    <segmented>0</segmented>
    <object>
        <name>f15</name>
        <pose>Unspecified</pose>
        <truncated>0</truncated>
        <occluded>0</occluded>
        <difficult>0</difficult>
        <bndbox>
            <xmin>566</xmin>
            <ymin>241</ymin>
            <xmax>696</xmax>
            <ymax>377</ymax>
        </bndbox>
    </object>
    <object>
        <name>f16</name>
        <pose>Unspecified</pose>
        <truncated>0</truncated>
        <occluded>0</occluded>
        <difficult>0</difficult>
        <bndbox>
            <xmin>765</xmin>
            <ymin>220</ymin>
            <xmax>864</xmax>
            <ymax>329</ymax>
        </bndbox>
    </object>
    <object>
        <name>f16</name>
        <pose>Unspecified</pose>
        <truncated>0</truncated>
        <occluded>0</occluded>
        <difficult>0</difficult>
        <bndbox>
            <xmin>566</xmin>
            <ymin>460</ymin>
            <xmax>659</xmax>
            <ymax>573</ymax>
        </bndbox>
    </object>
</annotation>